stage_id,date_DDMMYYYY,stage_name,start,end,start_lat,start_lon,end_lat,end_lon,distance_km,distance_miles,ascent_m,descent_m,accommodation_1,accommodation_2,accommodation_3,accommodation_4,transport,notes
A,29/05/2027,Arrival - Aigle,Aigle,Aigle,46.3172,6.9675,46.3172,6.9675,0,0,0,0,"Auberge de Jeunesse Montreux; Address: Pass. de l'Auberge 8, 1820 Montreux, Switzerland; 18 min train (R2) to Aigle from Territet - from 50 CHF PPPN","Hotel Du Nord; R. Colomb 2-4, 1860 Aigle, Switzerland",,,Aigle is approx. 2h from Geneva International Airport by public transport - many options available ,
1,30/05/2027,1. Aigle – St-Maurice,Aigle,St-Maurice,46.3172,6.9675,46.2195,7.0038,19.3,12,773,752,"Abbaye de Saint-Maurice; Porter’s Lodge (Reception), Avenue d’Agaune 15, 1890 Saint-Maurice; 35 CHF PPPN; Phone: +41 244860404; Email: abbaye@stmaurice.ch","Hôtellerie Franciscaine; Rue Antoine-de-Quartéry 1, 1890, St-Maurice, Switzerland; Phone: +41 244861111; Email: info@hotellerie-franciscaine.ch; From 75 CHF PPPN",,,Approx. 2h from Geneva International Airport by public transport - many options available ,
2,31/05/2027,2. St Maurice – Martigny,St-Maurice,Martigny,46.2195,7.0038,46.1007,7.0741,17.8,11.1,600,541,Gîte Accueil pèlerins Prieuré; 5 rue de l’Hôtel-de-Ville; secretariat@paroissemartigny.ch; 5 beds only – no reservations – 1st come from 14:00 onwards – 20 CHF PPPN - free breakfast with the community,"Auberge de Jeunesse Martigny, Rue du Bourg 35, 1920 Martigny, 46CHF PPPN (bed in large mixed dorm)","Hotel de la post, Rue de la Poste 8, 1920 Martigny, Switzerland - c. 35CHF PPPN, - 19 chambres twins (avec 2 lits séparés)- 12 chambres simples- 6 chambres doubles (avec un grand lit)- 2 chambres triples","Hotel Du Stand, Av. du Grand-Saint-Bernard 41, 1920 Martigny, Switzerland - c.40CHF PPPN – checking availability",Approx. 2.5h from Geneva International Airport by Train ,
3,01/06/2027,3. Martigny – Orsières,Martigny,Orsières,46.1007,7.0741,46.0311,7.1458,20,12.4,1358,947,"Gîte Accueil St-Bernard, Place de l'Eglise 1, 1937, Orsières, Switzerland -  10 places total – 15 CHF PPPN, https://www.saint-bernard.ch/fr/sejourner/nos-hebergements/gite-accueil-st-bernard-5878","Hôtel Terminus, Route de la Gare 25, CH – 1937 Orsières, +41 27 552 11 00, Nous avons 16 places en dortoirs et beaucoup de chambres si jamais. Les places en dortoir sont à 58 CHF/pers. avec le petit-déjeuner inclus.",,,Approx. 2-3h Approx. 2.5h from Geneva International Airport by Train - may need to change at Martigny and/or Sembrancher,
4,02/06/2027,4. Orsières – Bourg-Saint-Pierre,Orsières,Bourg-Saint-Pierre,46.0311,7.1458,45.9492,7.2078,13.8,8.6,1159,414,"Gîte Maison Saint-Pierre, Rue de l'église 12, 1946, Bourg-St-Pierre, Switzerland - 20 beds - 30CHF PPPN, https://maisonstpierre.ch/","Hotel du Cret, Rte du Grand-Saint-Bernard 33, 1946 Bourg-Saint-Pierre - 27CHF PPPN in dorm. private romms available ",,,Get to Orsieres - then #210 bus Bourg St. Pierre,
5,03/06/2027,5. Bourg-Saint-Pierre – Col du Grand-Saint-Bernard,Bourg-Saint-Pierre,Col du Grand-Saint-Bernard,45.9492,7.2078,45.869,7.1706,12,7.5,1223,384,"Auberge de l'Hospice, Col du Grand Saint-Bernard, 1946 Bourg-Saint-Pierre, Switzerland, http://www.aubergehospice.ch/ - CHF 58.83 with dinner and breakfast, CHF 42.54 with just breakfast",,,,Nope,
6,04/06/2027,6. Col du Grand-Saint-Bernard – Echevennoz,Col du Grand-Saint-Bernard,Echevennoz,45.869,7.1706,45.8087,7.2426,15.3,9.5,261,1506,,,,,,
7,05/06/2027,7. Echevennoz – Aosta,Echevennoz,Aosta,45.8087,7.2426,45.7386,7.3205,13.9,8.6,362,1003,,,,,,
B,06/06/2027,Rest Day - Aosta,Aosta,Aosta,45.7386,7.3205,45.7386,7.3205,0,0,0,0,,,,,,
8,07/06/2027,8. Aosta – Châtillon,Aosta,Châtillon,45.7386,7.3205,46.7489,7.6147,28.4,17.6,1280,1352,,,,,,
9,08/06/2027,9. Châtillon – Verrès,Châtillon,Verrès,46.7489,7.6147,45.6689,7.6916,18.8,11.7,1047,1161,,,,,,
10,09/06/2027,10. Verrès – Pont-Saint-Martin,Verrès,Pont-Saint-Martin,45.6689,7.6916,45.5896,7.8008,17.6,10.9,442,532,,,,,,
11,10/06/2027,11. Pont-Saint-Martin – Ivrea,Pont-Saint-Martin,Ivrea,45.5896,7.8008,45.464,7.8749,21.5,13.4,619,696,,,,,,
12,11/06/2027,12. Ivrea – Viverone,Ivrea,Viverone,45.464,7.8749,45.4256,8.051,21.4,13.3,437,392,,,,,,
C,12/06/2027,Rest Day - Viverone,Viverone,Viverone,45.4256,8.051,45.4256,8.051,0,0,0,0,,,,,,
13,13/06/2027,13. Viverone – Santhià,Viverone,Santhià,45.4256,8.051,45.3664,8.1746,16.7,10.4,232,325,,,,,,
14,14/06/2027,14. Santhià – Vercelli,Santhià,Vercelli,45.3664,8.1746,45.3278,8.4243,29.9,18.6,169,216,,,,,,
15,15/06/2027,15. Vercelli – Robbio,Vercelli,Robbio,45.3278,8.4243,45.2877,8.5951,19,11.8,148,171,,,,,,
16,16/06/2027,16. Robbio – Mortara,Robbio,Mortara,45.2877,8.5951,45.2461,8.7531,16.3,10.1,122,132,,,,,,
17,17/06/2027,17. Mortara – Garlasco,Mortara,Garlasco,45.2461,8.7531,45.1958,8.9225,19,11.8,150,163,,,,,,
18,18/06/2027,18. Garlasco – Pavia,Garlasco,Pavia,45.1958,8.9225,45.1806,9.1532,24.2,15,232,271,,,,,,
D,19/06/2027,Rest Day - Pavia,Pavia,Pavia,45.1806,9.1532,45.1806,9.1532,0,0,0,0,,,,,,
19,20/06/2027,19. Pavia – Santa Cristina e Bissone,Pavia,Santa Cristina e Bissone,,,,,28,17.4,,,,,,,,
20,21/06/2027,20. Santa Cristina e Bissone – Orio Litta,Santa Cristina e Bissone,Orio Litta,,,,,16.1,10,,,,,,,,
21,22/06/2027,21. Orio Litta – Piacenza,Orio Litta,Piacenza,,,,,22.1,13.7,,,,,,,,
22,23/06/2027,22. Piacenza – Fiorenzuola d'Arda,Piacenza,Fiorenzuola d'Arda,,,,,31.7,19.7,,,,,,,,
23,24/06/2027,23. Fiorenzuola d'Arda – Fidenza,Fiorenzuola d'Arda,Fidenza,,,,,22.4,13.9,,,,,,,,
E,25/06/2027,Rest Day - Fidenza,Fidenza,Fidenza,,,,,0,0,0,0,,,,,,
24,26/06/2027,24. Fidenza – Fornovo di Taro,Fidenza,Fornovo di Taro,,,,,34,21.1,,,,,,,,
25,27/06/2027,25. Fornovo di Taro – Cassio,Fornovo di Taro,Cassio,,,,,20.9,13,,,,,,,,
26,28/06/2027,26. Cassio – Cisa Pass,Cassio,Cisa Pass,,,,,19.2,11.9,,,,,,,,
27,29/06/2027,27. Cisa Pass – Pontremoli,Cisa Pass,Pontremoli,,,,,19.3,12,,,,,,,,
F,30/06/2027,Rest day - Pontremoli,Pontremoli,Pontremoli,,,,,0,0,0,0,,,,,,
28,01/07/2027,28. Pontremoli – Aulla,Pontremoli,Aulla,,,,,32.3,20.1,,,,,,,,
29,02/07/2027,29. Aulla – Sarzana,Aulla,Sarzana,,,,,17.4,10.8,,,,,,,,
30,03/07/2027,30. Sarzana – Massa,Sarzana,Massa,,,,,28.6,17.8,,,,,,,,
31,04/07/2027,31. Massa – Camaiore,Massa,Camaiore,,,,,25.9,16.1,,,,,,,,
32,05/07/2027,32. Camaiore – Lucca,Camaiore,Lucca,,,,,26.1,16.2,,,,,,,,
G,06/07/2027,Rest day - Lucca,Lucca,Lucca,,,,,0,0,0,0,,,,,,
33,07/07/2027,33. Lucca – Altopascio,Lucca,Altopascio,,,,,18.5,11.5,,,,,,,,
34,08/07/2027,34. Altopascio – San Miniato,Altopascio,San Miniato,,,,,29,18,,,,,,,,
35,09/07/2027,35. San Miniato – Gambassi Terme,San Miniato,Gambassi Terme,,,,,23.9,14.9,,,,,,,,
36,10/07/2027,36. Gambassi Terme – San Gimignano,Gambassi Terme,San Gimignano,,,,,13.4,8.3,,,,,,,,
37,11/07/2027,37. San Gimignano – Monteriggioni,San Gimignano,Monteriggioni,,,,,30.5,19,,,,,,,,
38,12/07/2027,38. Monteriggioni – Siena,Monteriggioni,Siena,,,,,20.6,12.8,,,,,,,,
H,13/07/2027,Rest day - Siena,Siena,Siena,,,,,0,0,0,0,,,,,,
39,14/07/2027,39. Siena – Ponte d’Arbia,Siena,Ponte d'Arbia,,,,,25.7,16,,,,,,,,
40,15/07/2027,40. Ponte d’Arbia – San Quirico d’Orcia,Ponte d'Arbia,San Quirico d'Orcia,,,,,26.6,16.5,,,,,,,,
41,16/07/2027,41. San Quirico d’Orcia – Radicofani,San Quirico d'Orcia,Radicofani,,,,,33.5,20.8,,,,,,,,
I,17/07/2027,Rest day - Radicofani,Radicofani,Radicofani,,,,,0,0,0,0,,,,,,
42,18/07/2027,42. Radicofani – Acquapendente,Radicofani,Acquapendente,,,,,23.6,14.7,,,,,,,,
43,19/07/2027,43. Acquapendente – Bolsena,Acquapendente,Bolsena,,,,,22.8,14.2,,,,,,,,
44,20/07/2027,44. Bolsena – Montefiascone,Bolsena,Montefiascone,,,,,18.2,11.3,,,,,,,,
45,21/07/2027,45. Montefiascone – Viterbo,Montefiascone,Viterbo,,,,,17.6,10.9,,,,,,,,
46,22/07/2027,46. Viterbo – Vetralla,Viterbo,Vetralla,,,,,21.9,13.6,,,,,,,,
47,23/07/2027,47. Vertalla – Sutri,Vetralla,Sutri,,,,,23.9,14.9,,,,,,,,
J,24/07/2027,Rest Day - Sutri,Sutri,Sutri,,,,,0,0,0,0,,,,,,
48,25/07/2027,48. Sutri – Campagnano di Roma,Sutri,Campagnano di Roma,,,,,23.8,14.8,,,,,,,,
49,26/07/2027,49. Campagnano di Roma – La Storta,Campagnano di Roma,La Storta,,,,,23,14.3,,,,,,,,
50,27/07/2027,50. La Storta - Rome,La Storta,Rome,,,,,19.4,12.1,,,,,,,,